EMPLOYEE_ID,BONUS,FIRST_NAME,STORE_ID,PRODUCT,SUBCATEGORIES,LAST_NAME,EMAIL,PHONE_NUMBER,HIRE_DATE,RESIGNATION_DATE,JOB_ID,SALES_ORDERID,LOCATION,SALARY,COMMISSION_PCT,MANAGER_ID,MANAGER,MALAST_NAME,DEPARTMENT_ID,DEPARTMENT,DEPARTMENT_NAME,YEAR,VENDOR,CITY,THE_OUTPUT,STREET_ADDRESS
101,2000,Neena,111,CREAM,15,Kochhar,NKOCHHAR,515.123.4568,21-Sep-05,13-OCT-09,SALES,567,"STREET BAUGH",17000,1500,100,"JUSTIN ",SINGH,90,1,SALES,2001,MAHESH,RIG,NULL,NULL
102,2000,Lex,212,FOUNDATION,12,"De Haan",LDEHAAN,515.123.4569,13-Jan-01,25-JUNE-05,AD_VP,764,"KAROL BAUGH",17000,2000,100,MADDY,SHUKLA,90,2,SALES,2004,ROHAN,KANPUR,NULL,NULL
103,2000,Alexander,343,LENSE,13,Hunold,AHUNOLD,590.423.4567,14-FEB-09,08-SEP-10,IT_PROG,989,KIMKIM,9000,4000,102,SOHAN,PARMAR,60,3,PURCHASE,2005,SURESH,SULTANPUR,NULL,NULL
104,5000,Bruce,567,EYESHADOW,16,Ernst,BERNST,590.423.4568,21-May-07,05-APRIL-08,IT_PROG,456,TIMTIM,6000," - ",103,ROHAN,THAKUR,60,4,PURCHASE,2001,"KU,MU",ATLANTA,NULL,NULL
105,7000,David,345,CREAMY,17,Austin,DAUSTIN,590.423.4569,25-Jun-05,30-AUG-12,IT_PROG,563,CPROAD,4800," - ",103,CADDY,GOEL,60,5,ORDER,2001,SNEHA,CA,NULL,NULL
106,NULL,Valli,987,NULL,NULL,Pataballa,VPATABAL,590.423.4560,01-1-2000,03-08-2017,IT_PROG,789,CGROAD,4800," - ",103,JIM,PANDEY,60,6,OPERATION,2002,SHANU,NEWYORK,NULL,NULL
107,NULL,Diana,NULL,NULL,NULL,Lorentz,DLORENTZ,590.423.5567,22-09-2003,3-08-2017,IT_PROG,NULL,NULL,4200," - ",103,NULL,NULL,60,7,NULL,2003,MONA,AMERCIA,NULL,NULL
108,NULL,Nancy,NULL,NULL,NULL,Greenberg,NGREENBE,515.124.4569,13-04-2015,NULL,FI_MGR,NULL,NULL,12008," - ",101,NULL,NULL,100,8,NULL,NULL,NULL,NULL,NULL,NULL
109,NULL,Daniel,NULL,NULL,NULL,Faviet,DFAVIET,515.124.4169,03-O6-2016,NULL,FI_ACCOUNT,NULL,NULL,9000," - ",108,NULL,NULL,100,9,NULL,NULL,NULL,NULL,NULL,NULL
110,NULL,John,NULL,NULL,NULL,Chen,JCHEN,515.124.4269,08-08-2017,NULL,SALES,NULL,NULL,8200," - ",108,NULL,NULL,100,10,NULL,NULL,NULL,NULL,NULL,NULL
111,NULL,Ismael,NULL,NULL,NULL,Sciarra,ISCIARRA,515.124.4369,13-11-2016,NULL,FI_ACCOUNT,NULL,NULL,7700," - ",108,NULL,NULL,100,NULL,NULL,NULL,NULL,NULL,NULL,NULL
112,NULL,"Jose Manuel",NULL,NULL,NULL,Urman,JMURMAN,515.124.4469,07-Mar-06,NULL,FI_ACCOUNT,NULL,NULL,7800," - ",108,NULL,NULL,100,NULL,NULL,NULL,NULL,NULL,NULL,NULL
113,NULL,Luis,NULL,NULL,NULL,Popp,LPOPP,515.124.4567,07-Dec-07,NULL,FI_ACCOUNT,NULL,NULL,6900," - ",108,NULL,NULL,100,NULL,NULL,NULL,NULL,NULL,NULL,NULL
114,NULL,Den,NULL,NULL,NULL,FILLMORE,DRAPHEAL,515.127.4561,07-Dec-02,NULL,PU_MAN,NULL,NULL,11000," - ",100,NULL,NULL,30,NULL,NULL,NULL,NULL,NULL,NULL,NULL
115,NULL,Alexander,NULL,NULL,NULL,Khoo,AKHOO,515.127.4562,18-May-03,NULL,PU_CLERK,NULL,NULL,3100," - ",114,NULL,NULL,30,NULL,NULL,NULL,NULL,NULL,NULL,NULL
116,NULL,Shelli,NULL,NULL,NULL,Baida,SBAIDA,515.127.4563,24-Dec-05,NULL,PU_CLERK,NULL,NULL,2900," - ",114,NULL,NULL,30,NULL,NULL,NULL,NULL,NULL,NULL,NULL
117,NULL,Sigal,NULL,NULL,NULL,FILLMORE,STOBIAS,515.127.4564,24-Jul-05,NULL,PU_CLERK,NULL,NULL,2800," - ",114,NULL,NULL,30,NULL,NULL,NULL,NULL,NULL,NULL,NULL
118,NULL,Guy,NULL,NULL,NULL,Himuro,GHIMURO,515.127.4565,15-Nov-06,NULL,PU_CLERK,NULL,NULL,2600," - ",114,NULL,NULL,30,NULL,NULL,NULL,NULL,NULL,NULL,NULL
119,NULL,Karen,NULL,NULL,NULL,Colmenares,KCOLMENA,515.127.4566,10-Aug-07,NULL,PU_CLERK,NULL,NULL,2500," - ",114,NULL,NULL,30,NULL,NULL,NULL,NULL,NULL,NULL,NULL
120,NULL,Matthew,NULL,NULL,NULL,Weiss,MWEISS,650.123.1234,18-Jul-04,NULL,ST_MAN,NULL,NULL,8000," - ",100,NULL,NULL,50,NULL,NULL,NULL,NULL,NULL,NULL,NULL
121,NULL,Adam,NULL,NULL,NULL,Fripp,AFRIPP,650.123.2234,10-Apr-05,NULL,ST_MAN,NULL,NULL,8200," - ",100,NULL,NULL,50,NULL,NULL,NULL,NULL,NULL,NULL,NULL
122,NULL,Payam,NULL,NULL,NULL,Kaufling,PKAUFLIN,650.123.3234,01-May-03,NULL,ST_MAN,NULL,NULL,7900," - ",100,NULL,NULL,50,NULL,NULL,NULL,NULL,NULL,NULL,NULL
123,NULL,Shanta,NULL,NULL,NULL,Vollman,SVOLLMAN,650.123.4234,10-Oct-05,NULL,ST_MAN,NULL,NULL,6500," - ",100,NULL,NULL,50,NULL,NULL,NULL,NULL,NULL,NULL,NULL
124,NULL,Kevin,NULL,NULL,NULL,Mourgos,KMOURGOS,650.123.5234,16-Nov-07,NULL,ST_MAN,NULL,NULL,5800," - ",100,NULL,NULL,50,NULL,NULL,NULL,NULL,NULL,NULL,NULL
125,NULL,Julia,NULL,NULL,NULL,Nayer,JNAYER,650.124.1214,16-Jul-05,NULL,ST_CLERK,NULL,NULL,3200," - ",120,NULL,NULL,50,NULL,NULL,NULL,NULL,NULL,NULL,NULL
126,NULL,Irene,NULL,NULL,NULL,Mikkilineni,IMIKKILI,650.124.1224,28-Sep-06,NULL,ST_CLERK,NULL,NULL,2700," - ",120,NULL,NULL,50,NULL,NULL,NULL,NULL,NULL,NULL,NULL
127,NULL,James,NULL,NULL,NULL,Landry,JLANDRY,650.124.1334,14-Jan-07,NULL,ST_CLERK,NULL,NULL,2400," - ",120,NULL,NULL,50,NULL,NULL,NULL,NULL,NULL,NULL,NULL
128,NULL,Steven,NULL,NULL,NULL,Markle,SMARKLE,650.124.1434,08-Mar-08,NULL,ST_CLERK,NULL,NULL,2200," - ",120,NULL,NULL,50,NULL,NULL,NULL,NULL,NULL,NULL,NULL
129,NULL,Laura,NULL,NULL,NULL,Bissot,LBISSOT,650.124.5234,20-Aug-05,NULL,ST_CLERK,NULL,NULL,3300," - ",121,NULL,NULL,50,NULL,NULL,NULL,NULL,NULL,NULL,NULL
130,NULL,Mozhe,NULL,NULL,NULL,Atkinson,MATKINSO,650.124.6234,30-Oct-05,NULL,ST_CLERK,NULL,NULL,2800," - ",121,NULL,NULL,50,NULL,NULL,NULL,NULL,NULL,NULL,NULL
131,NULL,James,NULL,NULL,NULL,Marlow,JAMRLOW,650.124.7234,16-Feb-05,NULL,ST_CLERK,NULL,NULL,2500," - ",121,NULL,NULL,50,NULL,NULL,NULL,NULL,NULL,NULL,NULL
132,NULL,TJ,NULL,NULL,NULL,Olson,TJOLSON,650.124.8234,10-Apr-07,NULL,ST_CLERK,NULL,NULL,2100," - ",121,NULL,NULL,50,NULL,NULL,NULL,NULL,NULL,NULL,NULL
133,NULL,Jason,NULL,NULL,NULL,Mallin,JMALLIN,650.127.1934,14-Jun-04,NULL,ST_CLERK,NULL,NULL,3300," - ",122,NULL,NULL,50,NULL,NULL,NULL,NULL,NULL,NULL,NULL
134,NULL,Michael,NULL,NULL,NULL,Rogers,MROGERS,650.127.1834,26-Aug-06,NULL,ST_CLERK,NULL,NULL,2900," - ",122,NULL,NULL,50,NULL,NULL,NULL,NULL,NULL,NULL,NULL
135,NULL,Ki,NULL,NULL,NULL,Gee,KGEE,650.127.1734,12-Dec-07,NULL,ST_CLERK,NULL,NULL,2400," - ",122,NULL,NULL,50,NULL,NULL,NULL,NULL,NULL,NULL,NULL
136,NULL,Hazel,NULL,NULL,NULL,Philtanker,HPHILTAN,650.127.1634,06-Feb-08,NULL,ST_CLERK,NULL,NULL,2200," - ",122,NULL,NULL,50,NULL,NULL,NULL,NULL,NULL,NULL,NULL
137,NULL,Renske,NULL,NULL,NULL,Ladwig,RLADWIG,650.121.1234,14-Jul-03,NULL,ST_CLERK,NULL,NULL,3600," - ",123,NULL,NULL,50,NULL,NULL,NULL,NULL,NULL,NULL,NULL
138,NULL,Stephen,NULL,NULL,NULL,Stiles,SSTILES,650.121.2034,26-Oct-05,NULL,ST_CLERK,NULL,NULL,3200," - ",123,NULL,NULL,50,NULL,NULL,NULL,NULL,NULL,NULL,NULL
139,NULL,John,NULL,NULL,NULL,Seo,JSEO,650.121.2019,12-Feb-06,NULL,ST_CLERK,NULL,NULL,2700," - ",123,NULL,NULL,50,NULL,NULL,NULL,NULL,NULL,NULL,NULL
140,NULL,Joshua,NULL,NULL,NULL,Patel,JPATEL,650.121.1834,06-Apr-06,NULL,ST_CLERK,NULL,NULL,2500," - ",123,NULL,NULL,50,NULL,NULL,NULL,NULL,NULL,NULL,NULL
198,NULL,TRENNA,NULL,NULL,NULL,OConnell,DOCONNEL,650.507.9833,21-Jun-07,NULL,SH_CLERK,NULL,NULL,2600," - ",124,NULL,NULL,50,NULL,NULL,NULL,NULL,NAGPUR,NULL,NULL
199,NULL,Douglas,NULL,NULL,NULL,Grant,DGRANT,650.507.9844,13-Jan-08,NULL,SH_CLERK,NULL,NULL,2600," - ",124,NULL,NULL,50,NULL,NULL,NULL,NULL,NULL,NULL,NULL
200,NULL,Jennifer,NULL,NULL,NULL,Whalen,JWHALEN,515.123.4444,17-Sep-03,NULL,AD_ASST,NULL,NULL,4400," - ",101,NULL,NULL,10,NULL,NULL,NULL,NULL,NULL,NULL,NULL
201,NULL,Michael,NULL,NULL,NULL,Hartstein,MHARTSTE,515.123.5555,17-Feb-04,NULL,MK_MAN,NULL,NULL,13000," - ",100,NULL,NULL,20,NULL,NULL,NULL,NULL,NULL,NULL,NULL
202,NULL,Pat,NULL,NULL,NULL,Fay,PFAY,603.123.6666,17-Aug-05,NULL,MK_REP,NULL,NULL,6000," - ",201,NULL,NULL,20,NULL,NULL,NULL,NULL,NULL,NULL,NULL
203,NULL,Susan,NULL,NULL,NULL,Mavris,SMAVRIS,515.123.7777,07-Jun-02,NULL,HR_REP,NULL,NULL,6500," - ",101,NULL,NULL,40,NULL,NULL,NULL,NULL,RIG,NULL,NULL
204,NULL,Hermann,NULL,NULL,NULL,Baer,HBAER,515.123.8888,07-Jun-02,NULL,PR_REP,NULL,NULL,10000," - ",101,NULL,NULL,70,NULL,NULL,NULL,NULL,KANPUR,NULL,NULL
205,NULL,Shelley,NULL,NULL,NULL,Higgins,SHIGGINS,515.123.8080,07-Jun-02,NULL,AC_MGR,NULL,NULL,12008," - ",101,NULL,NULL,110,NULL,NULL,NULL,NULL,SULTANPUR,NULL,NULL
206,NULL,William,NULL,NULL,NULL,Gietz,WGIETZ,515.123.8181,07-Jun-02,NULL,AC_ACCOUNT,NULL,NULL,8300," - ",205,NULL,NULL,110,NULL,NULL,NULL,NULL,NULL,NULL,NULL
